MJD,MAG,MAGERR,FLT,Vega
49076.89,9.91,0.1,U,1.0
49076.89,9.95,0.1,U,1.0
49077.06,9.98,0.1,U,1.0
49077.06,10.02,0.1,U,1.0
49077.98,10.53,0.1,U,1.0
49077.98,10.55,0.1,U,1.0
49078.9,11.04,0.1,U,1.0
49078.9,11.05,0.1,U,1.0
49079.08,11.11,0.1,U,1.0
49079.99,11.46,0.1,U,1.0
49079.99,11.48,0.1,U,1.0
49080.16,11.57,0.1,U,1.0
49080.2,11.16,0.1,U,1.0
49080.2,11.43,0.1,U,1.0
49080.9,11.68,0.1,U,1.0
49080.9,11.76,0.1,U,1.0
49081.09,11.78,0.1,U,1.0
49081.09,11.8,0.1,U,1.0
49081.95,11.85,0.1,U,1.0
49082.08,11.88,0.1,U,1.0
49082.91,11.93,0.1,U,1.0
49082.97,11.94,0.1,U,1.0
49083.1,11.92,0.1,U,1.0
49083.1,11.93,0.1,U,1.0
49083.2,11.82,0.1,U,1.0
49083.75,12.0,0.1,U,1.0
49083.99,11.95,0.1,U,1.0
49083.99,11.96,0.1,U,1.0
49084.22,11.84,0.1,U,1.0
49084.22,11.86,0.1,U,1.0
49084.3,11.83,0.1,U,1.0
49085.02,11.88,0.1,U,1.0
49085.02,11.9,0.1,U,1.0
49085.1,11.88,0.1,U,1.0
49085.1,11.89,0.1,U,1.0
49085.24,11.86,0.1,U,1.0
49085.32,11.84,0.1,U,1.0
49085.98,11.78,0.1,U,1.0
49085.98,11.8,0.1,U,1.0
49087.07,11.7,0.1,U,1.0
49087.07,11.72,0.1,U,1.0
49087.16,11.69,0.1,U,1.0
49087.16,11.72,0.1,U,1.0
49087.23,11.67,0.1,U,1.0
49087.23,11.82,0.1,U,1.0
49087.4,11.76,0.1,U,1.0
49087.75,11.7,0.1,U,1.0
49087.89,11.63,0.1,U,1.0
49087.93,11.63,0.1,U,1.0
49088.01,11.63,0.1,U,1.0
49088.01,11.65,0.1,U,1.0
49088.06,11.62,0.1,U,1.0
49088.06,11.66,0.1,U,1.0
49088.21,11.55,0.1,U,1.0
49088.74,11.43,0.1,U,1.0
49089.2,11.44,0.1,U,1.0
49090.2,11.34,0.1,U,1.0
49090.2,11.64,0.1,U,1.0
49090.3,11.65,0.1,U,1.0
49090.87,11.52,0.1,U,1.0
49091.17,11.35,0.1,U,1.0
49091.2,11.32,0.1,U,1.0
49091.3,11.63,0.1,U,1.0
49092.15,11.34,0.1,U,1.0
49093.19,11.34,0.1,U,1.0
49093.2,11.2,0.1,U,1.0
49093.84,11.39,0.1,U,1.0
49093.88,11.32,0.1,U,1.0
49093.89,11.38,0.1,U,1.0
49094.19,11.37,0.1,U,1.0
49094.2,11.32,0.1,U,1.0
49095.15,11.4,0.1,U,1.0
49095.2,11.44,0.1,U,1.0
49095.24,11.42,0.1,U,1.0
49096.15,11.48,0.1,U,1.0
49096.2,11.41,0.1,U,1.0
49096.87,11.32,0.1,U,1.0
49097.15,11.62,0.1,U,1.0
49097.2,11.58,0.1,U,1.0
49098.28,11.78,0.1,U,1.0
49098.85,12.13,0.1,U,1.0
49099.15,11.98,0.1,U,1.0
49099.2,11.63,0.1,U,1.0
49099.81,12.18,0.1,U,1.0
49100.2,12.22,0.1,U,1.0
49100.2,12.68,0.1,U,1.0
49100.3,12.69,0.1,U,1.0
49100.82,12.46,0.1,U,1.0
49101.15,12.52,0.1,U,1.0
49101.77,12.71,0.1,U,1.0
49102.17,12.75,0.1,U,1.0
49102.8,13.03,0.1,U,1.0
49102.91,12.92,0.1,U,1.0
49102.91,12.94,0.1,U,1.0
49102.91,12.95,0.1,U,1.0
49103.25,13.02,0.1,U,1.0
49103.95,13.13,0.1,U,1.0
49104.2,13.58,0.1,U,1.0
49104.3,13.3,0.1,U,1.0
49104.3,13.58,0.1,U,1.0
49104.91,13.33,0.1,U,1.0
49105.2,13.75,0.1,U,1.0
49105.3,13.43,0.1,U,1.0
49105.87,13.45,0.1,U,1.0
49105.87,13.47,0.1,U,1.0
49106.2,13.51,0.1,U,1.0
49106.2,13.56,0.1,U,1.0
49106.3,13.57,0.1,U,1.0
49106.9,13.63,0.1,U,1.0
49107.3,13.62,0.1,U,1.0
49107.88,13.7,0.1,U,1.0
49107.88,13.72,0.1,U,1.0
49108.2,13.64,0.1,U,1.0
49108.2,14.35,0.1,U,1.0
49109.2,13.77,0.1,U,1.0
49109.2,14.41,0.1,U,1.0
49110.2,13.61,0.1,U,1.0
49110.2,13.82,0.1,U,1.0
49111.3,13.66,0.1,U,1.0
49112.2,13.78,0.1,U,1.0
49112.89,14.07,0.1,U,1.0
49112.89,14.1,0.1,U,1.0
49114.2,13.74,0.1,U,1.0
49116.2,14.39,0.1,U,1.0
49116.3,13.88,0.1,U,1.0
49117.3,13.78,0.1,U,1.0
49121.3,13.74,0.1,U,1.0
49121.9,14.43,0.1,U,1.0
49121.9,14.45,0.1,U,1.0
49122.3,13.89,0.1,U,1.0
49122.9,14.37,0.1,U,1.0
49123.3,13.71,0.1,U,1.0
49124.3,13.71,0.1,U,1.0
49129.3,13.97,0.1,U,1.0
49129.88,14.4,0.1,U,1.0
49129.88,14.41,0.1,U,1.0
49130.3,14.01,0.1,U,1.0
49131.91,14.44,0.1,U,1.0
49131.91,14.46,0.1,U,1.0
49132.88,14.41,0.1,U,1.0
49132.88,14.43,0.1,U,1.0
49141.3,14.17,0.1,U,1.0
49146.2,14.06,0.1,U,1.0
49147.2,14.21,0.1,U,1.0
49147.3,14.4,0.1,U,1.0
49149.3,14.07,0.1,U,1.0
49150.2,14.09,0.1,U,1.0
49151.2,14.05,0.1,U,1.0
49152.3,14.05,0.1,U,1.0
49154.3,14.04,0.1,U,1.0
49156.3,14.09,0.1,U,1.0
49157.3,13.98,0.1,U,1.0
49157.9,14.33,0.1,U,1.0
49158.3,13.89,0.1,U,1.0
49158.94,14.37,0.1,U,1.0
49159.92,14.35,0.1,U,1.0
49160.3,13.83,0.1,U,1.0
49161.2,13.88,0.1,U,1.0
49161.92,14.36,0.1,U,1.0
49162.2,14.05,0.1,U,1.0
49163.2,14.08,0.1,U,1.0
49164.2,14.05,0.1,U,1.0
49165.2,14.55,0.1,U,1.0
49166.2,14.19,0.1,U,1.0
49167.2,14.09,0.1,U,1.0
49167.2,14.41,0.1,U,1.0
49168.2,14.19,0.1,U,1.0
49168.2,14.41,0.1,U,1.0
49169.2,14.14,0.1,U,1.0
49169.2,14.35,0.1,U,1.0
49170.2,14.33,0.1,U,1.0
49170.2,14.35,0.1,U,1.0
49172.2,14.44,0.1,U,1.0
49173.2,14.09,0.1,U,1.0
49173.2,14.37,0.1,U,1.0
49174.2,14.37,0.1,U,1.0
49179.2,14.58,0.1,U,1.0
49181.2,14.48,0.1,U,1.0
49183.94,14.48,0.1,U,1.0
49198.93,14.72,0.1,U,1.0
49245.88,15.19,0.1,U,1.0
49297.95,16.32,0.1,U,1.0
49323.2,16.8,0.1,U,1.0
49385.04,17.54,0.1,U,1.0
49406.94,17.74,0.1,U,1.0
49428.03,17.82,0.1,U,1.0
49461.92,18.11,0.1,U,1.0
49498.91,18.27,0.1,U,1.0
49513.95,18.05,0.1,U,1.0
49737.14,18.64,0.1,U,1.0
49831.95,18.45,0.1,U,1.0
49076.0,10.8,0.1,B,1.0
49076.89,10.77,0.1,B,1.0
49076.89,10.78,0.1,B,1.0
49077.0,10.8,0.1,B,1.0
49077.06,10.85,0.1,B,1.0
49077.16,10.9,0.1,B,1.0
49077.2,10.91,0.1,B,1.0
49077.2,10.93,0.1,B,1.0
49077.98,11.21,0.1,B,1.0
49078.5,11.49,0.1,B,1.0
49078.9,11.56,0.1,B,1.0
49078.9,11.57,0.1,B,1.0
49079.08,11.66,0.1,B,1.0
49079.2,11.75,0.1,B,1.0
49079.51,11.83,0.1,B,1.0
49079.99,11.91,0.1,B,1.0
49079.99,11.93,0.1,B,1.0
49080.16,11.93,0.1,B,1.0
49080.16,11.99,0.1,B,1.0
49080.2,12.02,0.1,B,1.0
49080.53,12.25,0.1,B,1.0
49080.9,12.12,0.1,B,1.0
49080.9,12.14,0.1,B,1.0
49081.09,12.19,0.1,B,1.0
49081.09,12.23,0.1,B,1.0
49081.78,12.12,0.1,B,1.0
49081.95,12.28,0.1,B,1.0
49082.08,12.28,0.1,B,1.0
49082.08,12.29,0.1,B,1.0
49082.17,12.25,0.1,B,1.0
49082.19,12.31,0.1,B,1.0
49082.24,12.26,0.1,B,1.0
49082.27,12.27,0.1,B,1.0
49082.31,12.28,0.1,B,1.0
49082.33,12.26,0.1,B,1.0
49082.34,12.25,0.1,B,1.0
49082.35,12.23,0.1,B,1.0
49082.54,12.31,0.1,B,1.0
49082.91,12.26,0.1,B,1.0
49082.91,12.27,0.1,B,1.0
49082.97,12.25,0.1,B,1.0
49082.97,12.27,0.1,B,1.0
49083.0,12.26,0.1,B,1.0
49083.02,12.25,0.1,B,1.0
49083.1,12.24,0.1,B,1.0
49083.1,12.26,0.1,B,1.0
49083.1,12.27,0.1,B,1.0
49083.2,12.23,0.1,B,1.0
49083.59,12.25,0.1,B,1.0
49083.75,12.16,0.1,B,1.0
49083.99,12.21,0.1,B,1.0
49084.07,12.17,0.1,B,1.0
49084.1,12.16,0.1,B,1.0
49084.22,12.16,0.1,B,1.0
49084.3,12.13,0.1,B,1.0
49084.67,12.18,0.1,B,1.0
49085.0,12.09,0.1,B,1.0
49085.02,12.06,0.1,B,1.0
49085.02,12.07,0.1,B,1.0
49085.08,12.06,0.1,B,1.0
49085.08,12.08,0.1,B,1.0
49085.1,12.06,0.1,B,1.0
49085.19,12.06,0.1,B,1.0
49085.22,12.09,0.1,B,1.0
49085.24,12.07,0.1,B,1.0
49085.32,12.05,0.1,B,1.0
49085.62,12.05,0.1,B,1.0
49085.98,11.93,0.1,B,1.0
49085.98,11.95,0.1,B,1.0
49087.07,11.82,0.1,B,1.0
49087.07,11.84,0.1,B,1.0
49087.16,11.82,0.1,B,1.0
49087.18,11.8,0.1,B,1.0
49087.23,11.82,0.1,B,1.0
49087.23,11.85,0.1,B,1.0
49087.4,11.76,0.1,B,1.0
49087.53,11.83,0.1,B,1.0
49087.76,11.7,0.1,B,1.0
49087.89,11.73,0.1,B,1.0
49087.89,11.74,0.1,B,1.0
49087.93,11.72,0.1,B,1.0
49088.01,11.72,0.1,B,1.0
49088.01,11.73,0.1,B,1.0
49088.06,11.73,0.1,B,1.0
49088.06,11.74,0.1,B,1.0
49088.21,11.69,0.1,B,1.0
49088.27,11.75,0.1,B,1.0
49088.75,11.85,0.1,B,1.0
49088.93,11.64,0.1,B,1.0
49089.2,11.61,0.1,B,1.0
49089.64,11.59,0.1,B,1.0
49089.87,11.51,0.1,B,1.0
49089.87,11.53,0.1,B,1.0
49090.0,11.53,0.1,B,1.0
49090.0,11.55,0.1,B,1.0
49090.2,11.51,0.1,B,1.0
49090.2,11.53,0.1,B,1.0
49090.3,11.54,0.1,B,1.0
49090.81,11.4,0.1,B,1.0
49090.88,11.48,0.1,B,1.0
49090.88,11.49,0.1,B,1.0
49091.04,11.46,0.1,B,1.0
49091.04,11.48,0.1,B,1.0
49091.12,11.46,0.1,B,1.0
49091.17,11.45,0.1,B,1.0
49091.2,11.41,0.1,B,1.0
49091.2,11.44,0.1,B,1.0
49091.3,11.43,0.1,B,1.0
49091.55,11.47,0.1,B,1.0
49091.78,11.56,0.1,B,1.0
49091.88,11.42,0.1,B,1.0
49091.88,11.43,0.1,B,1.0
49091.98,11.4,0.1,B,1.0
49091.98,11.42,0.1,B,1.0
49092.15,11.4,0.1,B,1.0
49092.46,11.44,0.1,B,1.0
49092.88,11.38,0.1,B,1.0
49092.88,11.4,0.1,B,1.0
49093.05,11.39,0.1,B,1.0
49093.05,11.41,0.1,B,1.0
49093.19,11.39,0.1,B,1.0
49093.2,11.34,0.1,B,1.0
49093.2,11.4,0.1,B,1.0
49093.3,11.4,0.1,B,1.0
49093.48,11.42,0.1,B,1.0
49093.8,11.56,0.1,B,1.0
49093.82,11.55,0.1,B,1.0
49093.87,11.4,0.1,B,1.0
49093.89,11.1,0.1,B,1.0
49093.89,11.13,0.1,B,1.0
49093.89,11.37,0.1,B,1.0
49093.89,11.39,0.1,B,1.0
49093.93,11.58,0.1,B,1.0
49093.97,11.55,0.1,B,1.0
49093.97,11.55,0.1,B,1.0
49094.0,11.38,0.1,B,1.0
49094.0,11.4,0.1,B,1.0
49094.19,11.39,0.1,B,1.0
49094.2,11.41,0.1,B,1.0
49094.47,11.42,0.1,B,1.0
49094.93,11.4,0.1,B,1.0
49094.93,11.41,0.1,B,1.0
49095.07,11.42,0.1,B,1.0
49095.15,11.41,0.1,B,1.0
49095.2,11.44,0.1,B,1.0
49095.24,11.4,0.1,B,1.0
49095.3,11.44,0.1,B,1.0
49095.48,11.48,0.1,B,1.0
49096.04,11.48,0.1,B,1.0
49096.1,11.42,0.1,B,1.0
49096.15,11.45,0.1,B,1.0
49096.15,11.48,0.1,B,1.0
49096.2,11.45,0.1,B,1.0
49096.2,11.48,0.1,B,1.0
49096.45,11.51,0.1,B,1.0
49096.82,11.36,0.1,B,1.0
49096.83,11.36,0.1,B,1.0
49096.87,11.46,0.1,B,1.0
49096.9,11.55,0.1,B,1.0
49096.9,11.55,0.1,B,1.0
49097.1,11.54,0.1,B,1.0
49097.15,11.53,0.1,B,1.0
49097.2,11.56,0.1,B,1.0
49097.44,11.58,0.1,B,1.0
49098.08,11.66,0.1,B,1.0
49098.13,11.64,0.1,B,1.0
49098.28,11.67,0.1,B,1.0
49098.86,11.47,0.1,B,1.0
49098.96,11.73,0.1,B,1.0
49098.96,11.76,0.1,B,1.0
49099.15,11.79,0.1,B,1.0
49099.2,11.77,0.1,B,1.0
49099.77,11.76,0.1,B,1.0
49099.83,11.48,0.1,B,1.0
49100.2,11.94,0.1,B,1.0
49100.25,11.96,0.1,B,1.0
49100.3,11.95,0.1,B,1.0
49100.77,12.0,0.1,B,1.0
49100.8,11.63,0.1,B,1.0
49100.91,12.04,0.1,B,1.0
49100.91,12.07,0.1,B,1.0
49100.96,12.07,0.1,B,1.0
49100.96,12.07,0.1,B,1.0
49100.96,12.08,0.1,B,1.0
49100.96,12.08,0.1,B,1.0
49101.03,12.14,0.1,B,1.0
49101.09,12.16,0.1,B,1.0
49101.12,12.17,0.1,B,1.0
49101.15,12.14,0.1,B,1.0
49101.2,12.15,0.1,B,1.0
49101.81,12.07,0.1,B,1.0
49101.89,12.22,0.1,B,1.0
49101.89,12.24,0.1,B,1.0
49101.91,11.93,0.1,B,1.0
49102.17,12.32,0.1,B,1.0
49102.82,12.2,0.1,B,1.0
49102.9,12.11,0.1,B,1.0
49102.91,12.36,0.1,B,1.0
49102.91,12.4,0.1,B,1.0
49103.1,12.47,0.1,B,1.0
49103.25,12.44,0.1,B,1.0
49103.79,12.37,0.1,B,1.0
49103.93,12.36,0.1,B,1.0
49104.2,12.62,0.1,B,1.0
49104.3,12.56,0.1,B,1.0
49104.3,12.62,0.1,B,1.0
49104.87,12.78,0.1,B,1.0
49104.91,12.64,0.1,B,1.0
49104.91,12.68,0.1,B,1.0
49105.07,12.73,0.1,B,1.0
49105.15,12.72,0.1,B,1.0
49105.2,12.69,0.1,B,1.0
49105.2,12.75,0.1,B,1.0
49105.3,12.71,0.1,B,1.0
49105.87,12.78,0.1,B,1.0
49105.87,12.83,0.1,B,1.0
49106.2,12.82,0.1,B,1.0
49106.2,12.83,0.1,B,1.0
49106.3,12.83,0.1,B,1.0
49106.9,12.82,0.1,B,1.0
49106.9,12.86,0.1,B,1.0
49107.3,12.9,0.1,B,1.0
49107.49,12.87,0.1,B,1.0
49107.88,12.94,0.1,B,1.0
49107.88,12.98,0.1,B,1.0
49108.2,12.93,0.1,B,1.0
49108.2,12.97,0.1,B,1.0
49109.2,13.07,0.1,B,1.0
49109.2,13.08,0.1,B,1.0
49110.2,13.06,0.1,B,1.0
49110.2,13.08,0.1,B,1.0
49111.3,13.2,0.1,B,1.0
49112.2,13.24,0.1,B,1.0
49112.89,13.26,0.1,B,1.0
49112.89,13.28,0.1,B,1.0
49114.2,13.32,0.1,B,1.0
49115.2,13.37,0.1,B,1.0
49116.2,13.42,0.1,B,1.0
49116.3,13.4,0.1,B,1.0
49117.3,13.45,0.1,B,1.0
49120.83,13.23,0.1,B,1.0
49121.3,13.54,0.1,B,1.0
49121.9,13.51,0.1,B,1.0
49121.9,13.55,0.1,B,1.0
49122.3,13.54,0.1,B,1.0
49122.3,13.56,0.1,B,1.0
49122.9,13.54,0.1,B,1.0
49122.9,13.58,0.1,B,1.0
49123.2,13.59,0.1,B,1.0
49123.3,13.58,0.1,B,1.0
49123.88,13.58,0.1,B,1.0
49123.88,13.62,0.1,B,1.0
49124.3,13.6,0.1,B,1.0
49125.99,13.64,0.1,B,1.0
49126.2,13.66,0.1,B,1.0
49128.3,13.65,0.1,B,1.0
49129.3,13.64,0.1,B,1.0
49129.3,13.66,0.1,B,1.0
49129.88,13.63,0.1,B,1.0
49129.88,13.69,0.1,B,1.0
49130.3,13.66,0.1,B,1.0
49131.91,13.71,0.1,B,1.0
49131.91,13.74,0.1,B,1.0
49132.88,13.7,0.1,B,1.0
49132.88,13.72,0.1,B,1.0
49135.2,13.71,0.1,B,1.0
49135.92,13.63,0.1,B,1.0
49141.3,13.74,0.1,B,1.0
49141.3,13.77,0.1,B,1.0
49146.2,13.82,0.1,B,1.0
49147.2,13.81,0.1,B,1.0
49147.3,13.84,0.1,B,1.0
49148.82,13.78,0.1,B,1.0
49149.3,13.78,0.1,B,1.0
49149.82,13.84,0.1,B,1.0
49150.2,13.83,0.1,B,1.0
49151.2,13.83,0.1,B,1.0
49151.82,13.82,0.1,B,1.0
49152.3,13.85,0.1,B,1.0
49154.3,13.86,0.1,B,1.0
49156.3,13.89,0.1,B,1.0
49156.88,13.95,0.1,B,1.0
49156.88,13.95,0.1,B,1.0
49157.3,13.91,0.1,B,1.0
49157.9,13.92,0.1,B,1.0
49158.3,13.89,0.1,B,1.0
49158.94,13.93,0.1,B,1.0
49159.92,13.94,0.1,B,1.0
49160.3,13.89,0.1,B,1.0
49160.82,13.89,0.1,B,1.0
49161.2,13.92,0.1,B,1.0
49161.92,13.96,0.1,B,1.0
49162.2,13.94,0.1,B,1.0
49162.85,13.74,0.1,B,1.0
49163.2,13.88,0.1,B,1.0
49164.2,13.92,0.1,B,1.0
49165.2,13.92,0.1,B,1.0
49165.2,14.0,0.1,B,1.0
49166.2,14.01,0.1,B,1.0
49167.2,13.95,0.1,B,1.0
49168.2,13.97,0.1,B,1.0
49168.2,13.99,0.1,B,1.0
49169.2,14.0,0.1,B,1.0
49170.2,14.0,0.1,B,1.0
49170.2,14.02,0.1,B,1.0
49171.2,13.93,0.1,B,1.0
49172.2,13.98,0.1,B,1.0
49172.2,14.0,0.1,B,1.0
49173.2,14.02,0.1,B,1.0
49174.2,14.06,0.1,B,1.0
49174.2,14.09,0.1,B,1.0
49177.82,14.09,0.1,B,1.0
49179.2,14.12,0.1,B,1.0
49179.82,13.96,0.1,B,1.0
49180.2,14.1,0.1,B,1.0
49180.2,14.18,0.1,B,1.0
49180.82,14.11,0.1,B,1.0
49181.2,14.16,0.1,B,1.0
49182.2,14.16,0.1,B,1.0
49183.2,14.14,0.1,B,1.0
49183.94,14.18,0.1,B,1.0
49184.2,14.19,0.1,B,1.0
49184.82,13.97,0.1,B,1.0
49185.2,14.15,0.1,B,1.0
49186.2,14.21,0.1,B,1.0
49187.2,14.32,0.1,B,1.0
49188.83,14.24,0.1,B,1.0
49190.82,14.21,0.1,B,1.0
49191.86,14.25,0.1,B,1.0
49198.93,14.34,0.1,B,1.0
49210.83,14.59,0.1,B,1.0
49210.86,14.49,0.1,B,1.0
49213.08,14.73,0.1,B,1.0
49217.81,14.8,0.1,B,1.0
49217.89,14.79,0.1,B,1.0
49234.41,14.9,0.1,B,1.0
49234.44,15.07,0.1,B,1.0
49235.45,14.91,0.1,B,1.0
49235.49,14.85,0.1,B,1.0
49235.54,14.78,0.1,B,1.0
49235.58,14.8,0.1,B,1.0
49236.35,14.96,0.1,B,1.0
49236.38,14.97,0.1,B,1.0
49245.88,15.12,0.1,B,1.0
49250.82,15.4,0.1,B,1.0
49260.4,15.45,0.1,B,1.0
49267.98,15.5,0.1,B,1.0
49275.08,15.63,0.1,B,1.0
49275.08,15.63,0.1,B,1.0
49275.08,15.65,0.1,B,1.0
49275.08,15.65,0.1,B,1.0
49297.95,16.04,0.1,B,1.0
49299.94,16.25,0.1,B,1.0
49299.94,16.25,0.1,B,1.0
49304.98,15.8,0.1,B,1.0
49308.05,16.35,0.1,B,1.0
49308.05,16.35,0.1,B,1.0
49308.5,16.36,0.1,B,1.0
49309.91,15.98,0.1,B,1.0
49314.4,16.27,0.1,B,1.0
49322.3,16.38,0.1,B,1.0
49323.2,16.48,0.1,B,1.0
49325.3,16.35,0.1,B,1.0
49333.1,16.31,0.1,B,1.0
49333.1,16.31,0.1,B,1.0
49339.4,16.69,0.1,B,1.0
49345.5,16.7,0.1,B,1.0
49349.04,16.86,0.1,B,1.0
49349.3,16.96,0.1,B,1.0
49350.2,16.96,0.1,B,1.0
49358.3,16.97,0.1,B,1.0
49359.5,16.91,0.1,B,1.0
49362.2,17.02,0.1,B,1.0
49364.5,17.02,0.1,B,1.0
49367.96,17.07,0.1,B,1.0
49367.96,17.07,0.1,B,1.0
49368.3,16.98,0.1,B,1.0
49370.3,16.98,0.1,B,1.0
49382.3,17.13,0.1,B,1.0
49385.04,17.44,0.1,B,1.0
49393.89,17.33,0.1,B,1.0
49393.89,17.33,0.1,B,1.0
49393.89,17.36,0.1,B,1.0
49393.89,17.36,0.1,B,1.0
49396.2,17.36,0.1,B,1.0
49406.94,17.62,0.1,B,1.0
49407.2,17.52,0.1,B,1.0
49413.2,17.63,0.1,B,1.0
49419.3,17.63,0.1,B,1.0
49422.0,17.73,0.1,B,1.0
49423.0,17.73,0.1,B,1.0
49423.0,17.78,0.1,B,1.0
49423.3,17.57,0.1,B,1.0
49424.0,17.78,0.1,B,1.0
49428.03,17.89,0.1,B,1.0
49461.92,18.23,0.1,B,1.0
49498.91,18.49,0.1,B,1.0
49513.95,18.32,0.1,B,1.0
49716.3,18.76,0.1,B,1.0
49737.14,18.96,0.1,B,1.0
49831.95,18.97,0.1,B,1.0
49076.0,10.75,0.1,V,1.0
49076.2,10.69,0.1,V,1.0
49076.89,10.7,0.1,V,1.0
49077.0,10.75,0.1,V,1.0
49077.06,10.76,0.1,V,1.0
49077.16,10.8,0.1,V,1.0
49077.2,10.8,0.1,V,1.0
49077.2,10.82,0.1,V,1.0
49077.98,11.02,0.1,V,1.0
49077.98,11.04,0.1,V,1.0
49078.5,11.21,0.1,V,1.0
49078.66,11.22,0.1,V,1.0
49078.9,11.3,0.1,V,1.0
49079.08,11.36,0.1,V,1.0
49079.2,11.38,0.1,V,1.0
49079.49,11.5,0.1,V,1.0
49079.51,11.48,0.1,V,1.0
49079.99,11.6,0.1,V,1.0
49079.99,11.62,0.1,V,1.0
49080.16,11.64,0.1,V,1.0
49080.16,11.65,0.1,V,1.0
49080.2,11.67,0.1,V,1.0
49080.2,11.68,0.1,V,1.0
49080.53,11.76,0.1,V,1.0
49080.56,11.76,0.1,V,1.0
49080.9,11.79,0.1,V,1.0
49081.09,11.81,0.1,V,1.0
49081.09,11.86,0.1,V,1.0
49081.95,11.9,0.1,V,1.0
49082.08,11.91,0.1,V,1.0
49082.08,11.92,0.1,V,1.0
49082.17,11.87,0.1,V,1.0
49082.19,11.9,0.1,V,1.0
49082.24,11.9,0.1,V,1.0
49082.27,11.91,0.1,V,1.0
49082.31,11.9,0.1,V,1.0
49082.33,11.88,0.1,V,1.0
49082.34,11.88,0.1,V,1.0
49082.35,11.86,0.1,V,1.0
49082.49,11.88,0.1,V,1.0
49082.54,11.85,0.1,V,1.0
49082.61,11.89,0.1,V,1.0
49082.66,11.98,0.1,V,1.0
49082.91,11.84,0.1,V,1.0
49082.91,11.86,0.1,V,1.0
49082.97,11.88,0.1,V,1.0
49083.0,11.84,0.1,V,1.0
49083.02,11.86,0.1,V,1.0
49083.1,11.84,0.1,V,1.0
49083.1,11.85,0.1,V,1.0
49083.1,11.86,0.1,V,1.0
49083.2,11.83,0.1,V,1.0
49083.2,11.84,0.1,V,1.0
49083.49,11.84,0.1,V,1.0
49083.59,11.78,0.1,V,1.0
49083.68,11.79,0.1,V,1.0
49083.76,11.85,0.1,V,1.0
49083.99,11.8,0.1,V,1.0
49084.07,11.74,0.1,V,1.0
49084.1,11.75,0.1,V,1.0
49084.22,11.73,0.1,V,1.0
49084.22,11.75,0.1,V,1.0
49084.3,11.72,0.1,V,1.0
49084.5,11.7,0.1,V,1.0
49084.61,11.69,0.1,V,1.0
49084.67,11.65,0.1,V,1.0
49085.0,11.63,0.1,V,1.0
49085.02,11.64,0.1,V,1.0
49085.08,11.63,0.1,V,1.0
49085.08,11.64,0.1,V,1.0
49085.1,11.63,0.1,V,1.0
49085.1,11.64,0.1,V,1.0
49085.19,11.62,0.1,V,1.0
49085.22,11.64,0.1,V,1.0
49085.24,11.63,0.1,V,1.0
49085.24,11.66,0.1,V,1.0
49085.32,11.61,0.1,V,1.0
49085.58,11.68,0.1,V,1.0
49085.62,11.56,0.1,V,1.0
49085.98,11.5,0.1,V,1.0
49085.98,11.52,0.1,V,1.0
49086.1,11.49,0.1,V,1.0
49086.54,11.46,0.1,V,1.0
49086.66,11.52,0.1,V,1.0
49087.07,11.39,0.1,V,1.0
49087.16,11.36,0.1,V,1.0
49087.16,11.39,0.1,V,1.0
49087.18,11.37,0.1,V,1.0
49087.23,11.31,0.1,V,1.0
49087.23,11.37,0.1,V,1.0
49087.4,11.25,0.1,V,1.0
49087.47,11.33,0.1,V,1.0
49087.53,11.31,0.1,V,1.0
49087.61,11.46,0.1,V,1.0
49087.76,11.12,0.1,V,1.0
49087.89,11.28,0.1,V,1.0
49087.89,11.29,0.1,V,1.0
49087.9,11.31,0.1,V,1.0
49087.9,11.31,0.1,V,1.0
49087.9,11.39,0.1,V,1.0
49087.9,11.39,0.1,V,1.0
49087.93,11.29,0.1,V,1.0
49087.93,11.31,0.1,V,1.0
49088.01,11.28,0.1,V,1.0
49088.06,11.32,0.1,V,1.0
49088.21,11.23,0.1,V,1.0
49088.21,11.27,0.1,V,1.0
49088.27,11.25,0.1,V,1.0
49088.66,11.3,0.1,V,1.0
49088.76,11.22,0.1,V,1.0
49088.93,11.17,0.1,V,1.0
49088.93,11.18,0.1,V,1.0
49089.2,11.14,0.1,V,1.0
49089.48,11.11,0.1,V,1.0
49089.56,11.24,0.1,V,1.0
49089.64,11.12,0.1,V,1.0
49089.87,11.1,0.1,V,1.0
49090.0,11.08,0.1,V,1.0
49090.0,11.09,0.1,V,1.0
49090.2,11.03,0.1,V,1.0
49090.2,11.05,0.1,V,1.0
49090.3,11.04,0.1,V,1.0
49090.58,11.17,0.1,V,1.0
49090.88,11.01,0.1,V,1.0
49091.04,11.0,0.1,V,1.0
49091.12,11.0,0.1,V,1.0
49091.17,10.98,0.1,V,1.0
49091.2,10.96,0.1,V,1.0
49091.2,10.97,0.1,V,1.0
49091.3,10.98,0.1,V,1.0
49091.55,10.97,0.1,V,1.0
49091.63,11.03,0.1,V,1.0
49091.88,10.94,0.1,V,1.0
49091.88,10.95,0.1,V,1.0
49091.98,10.93,0.1,V,1.0
49091.98,10.94,0.1,V,1.0
49092.15,10.91,0.1,V,1.0
49092.46,10.93,0.1,V,1.0
49092.88,10.85,0.1,V,1.0
49092.88,10.85,0.1,V,1.0
49092.88,10.86,0.1,V,1.0
49092.88,10.86,0.1,V,1.0
49092.88,10.89,0.1,V,1.0
49092.88,10.9,0.1,V,1.0
49093.05,10.9,0.1,V,1.0
49093.19,10.89,0.1,V,1.0
49093.2,10.83,0.1,V,1.0
49093.2,10.89,0.1,V,1.0
49093.3,10.89,0.1,V,1.0
49093.48,10.88,0.1,V,1.0
49093.6,10.88,0.1,V,1.0
49093.86,10.85,0.1,V,1.0
49093.89,10.86,0.1,V,1.0
49093.89,10.87,0.1,V,1.0
49093.91,10.87,0.1,V,1.0
49093.97,10.85,0.1,V,1.0
49093.97,10.85,0.1,V,1.0
49094.0,10.85,0.1,V,1.0
49094.0,10.86,0.1,V,1.0
49094.19,10.84,0.1,V,1.0
49094.2,10.82,0.1,V,1.0
49094.2,10.89,0.1,V,1.0
49094.47,10.86,0.1,V,1.0
49094.61,11.0,0.1,V,1.0
49094.93,10.9,0.1,V,1.0
49095.0,10.75,0.1,V,1.0
49095.07,10.84,0.1,V,1.0
49095.15,10.84,0.1,V,1.0
49095.2,10.85,0.1,V,1.0
49095.24,10.81,0.1,V,1.0
49095.3,10.85,0.1,V,1.0
49095.48,10.86,0.1,V,1.0
49095.64,10.97,0.1,V,1.0
49095.9,10.91,0.1,V,1.0
49095.9,10.91,0.1,V,1.0
49096.0,10.75,0.1,V,1.0
49096.04,10.86,0.1,V,1.0
49096.1,10.87,0.1,V,1.0
49096.15,10.84,0.1,V,1.0
49096.15,10.86,0.1,V,1.0
49096.2,10.82,0.1,V,1.0
49096.2,10.83,0.1,V,1.0
49096.45,10.87,0.1,V,1.0
49096.63,10.85,0.1,V,1.0
49096.84,10.72,0.1,V,1.0
49096.87,10.87,0.1,V,1.0
49096.87,10.87,0.1,V,1.0
49096.87,10.88,0.1,V,1.0
49096.87,10.88,0.1,V,1.0
49096.9,10.85,0.1,V,1.0
49096.9,10.85,0.1,V,1.0
49097.1,10.88,0.1,V,1.0
49097.15,10.86,0.1,V,1.0
49097.2,10.9,0.1,V,1.0
49097.3,10.86,0.1,V,1.0
49097.44,10.91,0.1,V,1.0
49097.61,11.04,0.1,V,1.0
49098.08,10.94,0.1,V,1.0
49098.1,10.92,0.1,V,1.0
49098.13,10.93,0.1,V,1.0
49098.28,10.91,0.1,V,1.0
49098.83,10.98,0.1,V,1.0
49098.83,10.98,0.1,V,1.0
49098.83,11.01,0.1,V,1.0
49098.83,11.01,0.1,V,1.0
49098.96,10.99,0.1,V,1.0
49098.96,11.0,0.1,V,1.0
49099.15,11.0,0.1,V,1.0
49099.2,10.99,0.1,V,1.0
49099.2,11.0,0.1,V,1.0
49099.79,11.06,0.1,V,1.0
49099.83,11.05,0.1,V,1.0
49099.83,11.05,0.1,V,1.0
49099.83,11.07,0.1,V,1.0
49099.83,11.07,0.1,V,1.0
49099.87,10.63,0.1,V,1.0
49100.2,11.09,0.1,V,1.0
49100.25,11.12,0.1,V,1.0
49100.3,11.1,0.1,V,1.0
49100.51,11.27,0.1,V,1.0
49100.79,11.08,0.1,V,1.0
49100.91,11.16,0.1,V,1.0
49100.91,11.18,0.1,V,1.0
49100.96,11.16,0.1,V,1.0
49100.96,11.16,0.1,V,1.0
49100.96,11.17,0.1,V,1.0
49100.96,11.17,0.1,V,1.0
49101.03,11.16,0.1,V,1.0
49101.09,11.19,0.1,V,1.0
49101.1,11.2,0.1,V,1.0
49101.12,11.19,0.1,V,1.0
49101.15,11.18,0.1,V,1.0
49101.2,11.19,0.1,V,1.0
49101.79,11.04,0.1,V,1.0
49101.89,11.24,0.1,V,1.0
49102.17,11.31,0.1,V,1.0
49102.2,11.28,0.1,V,1.0
49102.62,11.27,0.1,V,1.0
49102.72,11.4,0.1,V,1.0
49102.84,11.32,0.1,V,1.0
49102.91,11.33,0.1,V,1.0
49102.91,11.35,0.1,V,1.0
49102.91,11.36,0.1,V,1.0
49103.1,11.36,0.1,V,1.0
49103.25,11.39,0.1,V,1.0
49103.58,11.55,0.1,V,1.0
49103.74,11.46,0.1,V,1.0
49103.81,11.43,0.1,V,1.0
49103.81,11.43,0.1,V,1.0
49104.2,11.47,0.1,V,1.0
49104.3,11.47,0.1,V,1.0
49104.61,11.64,0.1,V,1.0
49104.83,11.51,0.1,V,1.0
49104.83,11.51,0.1,V,1.0
49104.91,11.51,0.1,V,1.0
49104.91,11.52,0.1,V,1.0
49105.07,11.53,0.1,V,1.0
49105.1,11.58,0.1,V,1.0
49105.15,11.53,0.1,V,1.0
49105.2,11.53,0.1,V,1.0
49105.2,11.59,0.1,V,1.0
49105.3,11.55,0.1,V,1.0
49105.87,11.61,0.1,V,1.0
49105.87,11.63,0.1,V,1.0
49106.2,11.62,0.1,V,1.0
49106.3,11.63,0.1,V,1.0
49106.9,11.68,0.1,V,1.0
49107.3,11.68,0.1,V,1.0
49107.49,11.69,0.1,V,1.0
49107.88,11.72,0.1,V,1.0
49107.88,11.74,0.1,V,1.0
49108.2,11.73,0.1,V,1.0
49108.2,11.74,0.1,V,1.0
49109.2,11.8,0.1,V,1.0
49109.2,11.83,0.1,V,1.0
49110.2,11.83,0.1,V,1.0
49110.2,11.89,0.1,V,1.0
49111.3,11.92,0.1,V,1.0
49111.66,12.04,0.1,V,1.0
49112.2,11.96,0.1,V,1.0
49112.61,12.05,0.1,V,1.0
49112.89,12.0,0.1,V,1.0
49112.89,12.01,0.1,V,1.0
49113.75,12.1,0.1,V,1.0
49114.2,12.02,0.1,V,1.0
49114.7,12.07,0.1,V,1.0
49115.2,12.09,0.1,V,1.0
49116.2,12.12,0.1,V,1.0
49116.3,12.1,0.1,V,1.0
49117.3,12.14,0.1,V,1.0
49118.2,12.2,0.1,V,1.0
49118.69,12.21,0.1,V,1.0
49119.47,12.25,0.1,V,1.0
49121.3,12.25,0.1,V,1.0
49121.3,12.27,0.1,V,1.0
49121.62,12.37,0.1,V,1.0
49121.9,12.26,0.1,V,1.0
49122.3,12.26,0.1,V,1.0
49122.3,12.29,0.1,V,1.0
49122.65,12.35,0.1,V,1.0
49122.9,12.31,0.1,V,1.0
49122.9,12.32,0.1,V,1.0
49123.2,12.31,0.1,V,1.0
49123.3,12.28,0.1,V,1.0
49123.49,12.38,0.1,V,1.0
49123.88,12.32,0.1,V,1.0
49123.88,12.33,0.1,V,1.0
49124.3,12.3,0.1,V,1.0
49125.99,12.38,0.1,V,1.0
49126.2,12.37,0.1,V,1.0
49126.3,12.36,0.1,V,1.0
49128.3,12.4,0.1,V,1.0
49129.3,12.44,0.1,V,1.0
49129.3,12.45,0.1,V,1.0
49129.88,12.45,0.1,V,1.0
49129.88,12.46,0.1,V,1.0
49130.3,12.43,0.1,V,1.0
49130.3,12.45,0.1,V,1.0
49131.91,12.48,0.1,V,1.0
49131.91,12.49,0.1,V,1.0
49132.88,12.49,0.1,V,1.0
49132.88,12.51,0.1,V,1.0
49135.2,12.56,0.1,V,1.0
49136.3,12.54,0.1,V,1.0
49141.3,12.61,0.1,V,1.0
49141.3,12.65,0.1,V,1.0
49146.2,12.73,0.1,V,1.0
49147.2,12.75,0.1,V,1.0
49147.3,12.76,0.1,V,1.0
49149.3,12.75,0.1,V,1.0
49150.2,12.8,0.1,V,1.0
49151.2,12.81,0.1,V,1.0
49152.3,12.83,0.1,V,1.0
49154.3,12.86,0.1,V,1.0
49156.3,12.9,0.1,V,1.0
49156.88,12.95,0.1,V,1.0
49156.88,12.95,0.1,V,1.0
49157.3,12.91,0.1,V,1.0
49157.9,12.96,0.1,V,1.0
49158.3,12.93,0.1,V,1.0
49158.94,12.98,0.1,V,1.0
49159.2,12.95,0.1,V,1.0
49159.92,12.99,0.1,V,1.0
49160.3,12.95,0.1,V,1.0
49161.2,12.98,0.1,V,1.0
49161.92,13.03,0.1,V,1.0
49162.2,13.02,0.1,V,1.0
49163.2,13.02,0.1,V,1.0
49164.2,13.03,0.1,V,1.0
49165.2,13.04,0.1,V,1.0
49165.2,13.09,0.1,V,1.0
49166.2,13.06,0.1,V,1.0
49167.2,13.09,0.1,V,1.0
49167.2,13.1,0.1,V,1.0
49168.2,13.11,0.1,V,1.0
49169.2,13.14,0.1,V,1.0
49169.2,13.15,0.1,V,1.0
49170.2,13.14,0.1,V,1.0
49171.2,13.13,0.1,V,1.0
49171.2,13.17,0.1,V,1.0
49172.2,13.17,0.1,V,1.0
49173.2,13.21,0.1,V,1.0
49173.2,13.26,0.1,V,1.0
49174.2,13.22,0.1,V,1.0
49179.2,13.3,0.1,V,1.0
49179.2,13.33,0.1,V,1.0
49180.2,13.26,0.1,V,1.0
49180.2,13.37,0.1,V,1.0
49181.2,13.36,0.1,V,1.0
49182.2,13.39,0.1,V,1.0
49182.2,13.4,0.1,V,1.0
49183.2,13.4,0.1,V,1.0
49183.94,13.44,0.1,V,1.0
49184.2,13.41,0.1,V,1.0
49184.2,13.44,0.1,V,1.0
49185.2,13.43,0.1,V,1.0
49186.2,13.44,0.1,V,1.0
49187.2,13.5,0.1,V,1.0
49188.2,13.52,0.1,V,1.0
49191.86,13.62,0.1,V,1.0
49198.93,13.76,0.1,V,1.0
49213.08,14.08,0.1,V,1.0
49234.41,14.32,0.1,V,1.0
49234.44,14.49,0.1,V,1.0
49235.45,14.26,0.1,V,1.0
49235.49,14.22,0.1,V,1.0
49235.54,14.02,0.1,V,1.0
49235.58,14.13,0.1,V,1.0
49236.35,14.73,0.1,V,1.0
49236.38,14.29,0.1,V,1.0
49245.88,14.69,0.1,V,1.0
49250.88,14.65,0.1,V,1.0
49259.4,15.0,0.1,V,1.0
49268.02,15.33,0.1,V,1.0
49275.08,15.18,0.1,V,1.0
49275.08,15.18,0.1,V,1.0
49275.08,15.19,0.1,V,1.0
49275.08,15.19,0.1,V,1.0
49297.95,15.61,0.1,V,1.0
49299.94,15.36,0.1,V,1.0
49299.94,15.36,0.1,V,1.0
49309.97,15.45,0.1,V,1.0
49309.97,15.45,0.1,V,1.0
49310.4,15.96,0.1,V,1.0
49314.4,15.99,0.1,V,1.0
49314.6,15.99,0.1,V,1.0
49317.3,16.05,0.1,V,1.0
49322.3,16.16,0.1,V,1.0
49323.2,16.05,0.1,V,1.0
49324.3,16.11,0.1,V,1.0
49326.3,16.19,0.1,V,1.0
49328.4,16.25,0.1,V,1.0
49333.1,16.01,0.1,V,1.0
49333.1,16.01,0.1,V,1.0
49341.4,16.42,0.1,V,1.0
49344.4,16.49,0.1,V,1.0
49349.04,16.65,0.1,V,1.0
49350.2,16.45,0.1,V,1.0
49358.3,16.69,0.1,V,1.0
49358.31,16.51,0.1,V,1.0
49359.5,16.71,0.1,V,1.0
49362.2,16.78,0.1,V,1.0
49363.2,16.81,0.1,V,1.0
49367.96,16.62,0.1,V,1.0
49367.96,16.62,0.1,V,1.0
49367.96,16.69,0.1,V,1.0
49367.96,16.69,0.1,V,1.0
49368.3,16.85,0.1,V,1.0
49380.4,17.04,0.1,V,1.0
49381.3,17.02,0.1,V,1.0
49382.3,17.13,0.1,V,1.0
49385.04,16.95,0.1,V,1.0
49393.89,17.02,0.1,V,1.0
49393.89,17.02,0.1,V,1.0
49393.89,17.05,0.1,V,1.0
49393.89,17.05,0.1,V,1.0
49395.4,17.26,0.1,V,1.0
49398.3,17.2,0.1,V,1.0
49405.3,17.38,0.1,V,1.0
49406.94,17.27,0.1,V,1.0
49407.2,17.37,0.1,V,1.0
49408.3,17.24,0.1,V,1.0
49413.2,17.42,0.1,V,1.0
49420.2,17.33,0.1,V,1.0
49422.0,17.41,0.1,V,1.0
49422.4,17.52,0.1,V,1.0
49423.0,17.38,0.1,V,1.0
49423.0,17.41,0.1,V,1.0
49424.0,17.38,0.1,V,1.0
49424.3,17.69,0.1,V,1.0
49428.03,17.49,0.1,V,1.0
49437.2,17.84,0.1,V,1.0
49439.3,17.72,0.1,V,1.0
49461.92,18.01,0.1,V,1.0
49498.91,18.18,0.1,V,1.0
49513.95,18.27,0.1,V,1.0
49716.3,18.55,0.1,V,1.0
49737.14,18.73,0.1,V,1.0
49831.95,18.61,0.1,V,1.0
49076.2,10.65,0.1,R,1.0
49076.89,10.6,0.1,R,1.0
49077.06,10.64,0.1,R,1.0
49077.1,10.64,0.1,R,1.0
49077.16,10.7,0.1,R,1.0
49077.2,10.7,0.1,R,1.0
49077.2,10.73,0.1,R,1.0
49077.98,10.82,0.1,R,1.0
49077.98,10.83,0.1,R,1.0
49078.5,10.98,0.1,R,1.0
49078.9,11.05,0.1,R,1.0
49079.08,11.06,0.1,R,1.0
49079.2,11.2,0.1,R,1.0
49079.51,11.21,0.1,R,1.0
49079.99,11.3,0.1,R,1.0
49079.99,11.32,0.1,R,1.0
49080.16,11.26,0.1,R,1.0
49080.16,11.3,0.1,R,1.0
49080.2,11.36,0.1,R,1.0
49080.2,11.44,0.1,R,1.0
49080.53,11.42,0.1,R,1.0
49080.9,11.41,0.1,R,1.0
49080.9,11.43,0.1,R,1.0
49081.09,11.47,0.1,R,1.0
49081.09,11.5,0.1,R,1.0
49081.95,11.5,0.1,R,1.0
49081.95,11.52,0.1,R,1.0
49082.08,11.5,0.1,R,1.0
49082.08,11.51,0.1,R,1.0
49082.17,11.53,0.1,R,1.0
49082.19,11.53,0.1,R,1.0
49082.24,11.51,0.1,R,1.0
49082.27,11.55,0.1,R,1.0
49082.31,11.55,0.1,R,1.0
49082.33,11.53,0.1,R,1.0
49082.34,11.53,0.1,R,1.0
49082.35,11.51,0.1,R,1.0
49082.54,11.48,0.1,R,1.0
49082.91,11.45,0.1,R,1.0
49082.91,11.47,0.1,R,1.0
49082.97,11.44,0.1,R,1.0
49082.97,11.45,0.1,R,1.0
49083.0,11.48,0.1,R,1.0
49083.02,11.5,0.1,R,1.0
49083.1,11.45,0.1,R,1.0
49083.1,11.47,0.1,R,1.0
49083.1,11.48,0.1,R,1.0
49083.2,11.45,0.1,R,1.0
49083.2,11.48,0.1,R,1.0
49083.59,11.37,0.1,R,1.0
49083.99,11.38,0.1,R,1.0
49084.07,11.36,0.1,R,1.0
49084.1,11.36,0.1,R,1.0
49084.1,11.4,0.1,R,1.0
49084.22,11.37,0.1,R,1.0
49084.22,11.41,0.1,R,1.0
49084.3,11.38,0.1,R,1.0
49084.67,11.23,0.1,R,1.0
49085.0,11.31,0.1,R,1.0
49085.02,11.24,0.1,R,1.0
49085.02,11.25,0.1,R,1.0
49085.08,11.25,0.1,R,1.0
49085.08,11.26,0.1,R,1.0
49085.08,11.29,0.1,R,1.0
49085.1,11.24,0.1,R,1.0
49085.1,11.25,0.1,R,1.0
49085.19,11.25,0.1,R,1.0
49085.22,11.3,0.1,R,1.0
49085.24,11.26,0.1,R,1.0
49085.24,11.31,0.1,R,1.0
49085.32,11.24,0.1,R,1.0
49085.62,11.19,0.1,R,1.0
49085.98,11.11,0.1,R,1.0
49085.98,11.13,0.1,R,1.0
49086.1,11.14,0.1,R,1.0
49087.07,11.01,0.1,R,1.0
49087.07,11.04,0.1,R,1.0
49087.16,11.01,0.1,R,1.0
49087.16,11.02,0.1,R,1.0
49087.18,11.02,0.1,R,1.0
49087.23,11.02,0.1,R,1.0
49087.23,11.04,0.1,R,1.0
49087.4,11.02,0.1,R,1.0
49087.53,10.98,0.1,R,1.0
49087.89,10.83,0.1,R,1.0
49087.89,10.85,0.1,R,1.0
49087.9,10.89,0.1,R,1.0
49087.9,10.89,0.1,R,1.0
49087.9,10.94,0.1,R,1.0
49087.9,10.94,0.1,R,1.0
49087.93,10.83,0.1,R,1.0
49087.93,10.86,0.1,R,1.0
49088.01,10.85,0.1,R,1.0
49088.01,10.86,0.1,R,1.0
49088.06,10.85,0.1,R,1.0
49088.21,10.9,0.1,R,1.0
49088.21,10.94,0.1,R,1.0
49088.27,10.88,0.1,R,1.0
49089.2,10.83,0.1,R,1.0
49089.64,10.77,0.1,R,1.0
49090.2,10.73,0.1,R,1.0
49090.2,10.75,0.1,R,1.0
49090.3,10.74,0.1,R,1.0
49091.12,10.65,0.1,R,1.0
49091.17,10.66,0.1,R,1.0
49091.2,10.64,0.1,R,1.0
49091.2,10.68,0.1,R,1.0
49091.3,10.66,0.1,R,1.0
49091.55,10.63,0.1,R,1.0
49092.15,10.6,0.1,R,1.0
49092.46,10.58,0.1,R,1.0
49092.88,10.45,0.1,R,1.0
49092.88,10.45,0.1,R,1.0
49092.88,10.47,0.1,R,1.0
49092.88,10.47,0.1,R,1.0
49093.19,10.53,0.1,R,1.0
49093.2,10.52,0.1,R,1.0
49093.2,10.59,0.1,R,1.0
49093.3,10.58,0.1,R,1.0
49093.48,10.54,0.1,R,1.0
49094.2,10.5,0.1,R,1.0
49094.2,10.55,0.1,R,1.0
49094.47,10.52,0.1,R,1.0
49095.07,10.5,0.1,R,1.0
49095.15,10.48,0.1,R,1.0
49095.2,10.52,0.1,R,1.0
49095.24,10.49,0.1,R,1.0
49095.3,10.56,0.1,R,1.0
49095.48,10.51,0.1,R,1.0
49095.9,10.32,0.1,R,1.0
49095.9,10.32,0.1,R,1.0
49095.9,10.4,0.1,R,1.0
49095.9,10.4,0.1,R,1.0
49096.04,10.51,0.1,R,1.0
49096.1,10.44,0.1,R,1.0
49096.1,10.53,0.1,R,1.0
49096.15,10.49,0.1,R,1.0
49096.15,10.5,0.1,R,1.0
49096.2,10.45,0.1,R,1.0
49096.2,10.5,0.1,R,1.0
49096.2,10.51,0.1,R,1.0
49096.45,10.51,0.1,R,1.0
49096.87,10.37,0.1,R,1.0
49096.87,10.37,0.1,R,1.0
49096.87,10.38,0.1,R,1.0
49096.87,10.38,0.1,R,1.0
49097.1,10.51,0.1,R,1.0
49097.15,10.5,0.1,R,1.0
49097.2,10.56,0.1,R,1.0
49097.3,10.57,0.1,R,1.0
49097.44,10.51,0.1,R,1.0
49098.08,10.58,0.1,R,1.0
49098.1,10.54,0.1,R,1.0
49098.13,10.58,0.1,R,1.0
49098.28,10.55,0.1,R,1.0
49098.83,10.44,0.1,R,1.0
49098.83,10.44,0.1,R,1.0
49098.83,10.45,0.1,R,1.0
49098.83,10.45,0.1,R,1.0
49098.96,10.54,0.1,R,1.0
49098.96,10.56,0.1,R,1.0
49099.15,10.6,0.1,R,1.0
49099.2,10.61,0.1,R,1.0
49099.2,10.7,0.1,R,1.0
49099.83,10.49,0.1,R,1.0
49099.83,10.49,0.1,R,1.0
49099.83,10.5,0.1,R,1.0
49099.83,10.5,0.1,R,1.0
49100.2,10.66,0.1,R,1.0
49100.2,10.74,0.1,R,1.0
49100.25,10.66,0.1,R,1.0
49100.3,10.75,0.1,R,1.0
49100.91,10.66,0.1,R,1.0
49100.91,10.67,0.1,R,1.0
49100.96,10.64,0.1,R,1.0
49100.96,10.64,0.1,R,1.0
49100.96,10.66,0.1,R,1.0
49100.96,10.66,0.1,R,1.0
49101.03,10.71,0.1,R,1.0
49101.09,10.7,0.1,R,1.0
49101.1,10.73,0.1,R,1.0
49101.12,10.71,0.1,R,1.0
49101.15,10.72,0.1,R,1.0
49101.2,10.75,0.1,R,1.0
49101.89,10.82,0.1,R,1.0
49101.89,10.83,0.1,R,1.0
49102.17,10.79,0.1,R,1.0
49102.2,10.82,0.1,R,1.0
49102.91,10.77,0.1,R,1.0
49102.91,10.83,0.1,R,1.0
49103.1,10.84,0.1,R,1.0
49103.25,10.86,0.1,R,1.0
49103.81,10.79,0.1,R,1.0
49103.81,10.79,0.1,R,1.0
49104.2,10.95,0.1,R,1.0
49104.3,10.95,0.1,R,1.0
49104.3,11.0,0.1,R,1.0
49104.83,10.86,0.1,R,1.0
49104.83,10.86,0.1,R,1.0
49104.91,10.88,0.1,R,1.0
49104.91,10.89,0.1,R,1.0
49105.07,10.95,0.1,R,1.0
49105.1,11.0,0.1,R,1.0
49105.15,10.96,0.1,R,1.0
49105.2,10.99,0.1,R,1.0
49105.2,11.06,0.1,R,1.0
49105.3,10.98,0.1,R,1.0
49105.87,10.94,0.1,R,1.0
49106.2,11.05,0.1,R,1.0
49106.3,11.06,0.1,R,1.0
49106.9,10.98,0.1,R,1.0
49106.9,10.99,0.1,R,1.0
49107.3,11.1,0.1,R,1.0
49107.49,11.06,0.1,R,1.0
49107.88,11.03,0.1,R,1.0
49107.88,11.04,0.1,R,1.0
49108.2,11.14,0.1,R,1.0
49108.2,11.16,0.1,R,1.0
49109.2,11.18,0.1,R,1.0
49109.2,11.23,0.1,R,1.0
49110.2,11.17,0.1,R,1.0
49110.2,11.27,0.1,R,1.0
49111.3,11.28,0.1,R,1.0
49112.2,11.31,0.1,R,1.0
49112.89,11.28,0.1,R,1.0
49112.89,11.29,0.1,R,1.0
49114.2,11.37,0.1,R,1.0
49115.2,11.48,0.1,R,1.0
49116.2,11.5,0.1,R,1.0
49116.3,11.44,0.1,R,1.0
49117.3,11.51,0.1,R,1.0
49118.2,11.55,0.1,R,1.0
49121.3,11.63,0.1,R,1.0
49121.3,11.64,0.1,R,1.0
49121.9,11.56,0.1,R,1.0
49121.9,11.57,0.1,R,1.0
49122.3,11.65,0.1,R,1.0
49122.3,11.68,0.1,R,1.0
49122.9,11.6,0.1,R,1.0
49123.2,11.7,0.1,R,1.0
49123.3,11.69,0.1,R,1.0
49124.3,11.7,0.1,R,1.0
49125.99,11.69,0.1,R,1.0
49126.2,11.77,0.1,R,1.0
49126.3,11.75,0.1,R,1.0
49128.3,11.79,0.1,R,1.0
49128.3,11.82,0.1,R,1.0
49129.3,11.84,0.1,R,1.0
49129.3,11.85,0.1,R,1.0
49129.88,11.74,0.1,R,1.0
49129.88,11.76,0.1,R,1.0
49130.3,11.84,0.1,R,1.0
49130.3,11.86,0.1,R,1.0
49131.91,11.81,0.1,R,1.0
49131.91,11.82,0.1,R,1.0
49132.88,11.83,0.1,R,1.0
49132.88,11.85,0.1,R,1.0
49135.2,12.0,0.1,R,1.0
49136.3,11.98,0.1,R,1.0
49141.3,12.01,0.1,R,1.0
49141.3,12.07,0.1,R,1.0
49146.2,12.15,0.1,R,1.0
49147.2,12.21,0.1,R,1.0
49147.3,12.22,0.1,R,1.0
49149.3,12.22,0.1,R,1.0
49150.2,12.25,0.1,R,1.0
49151.2,12.25,0.1,R,1.0
49152.3,12.31,0.1,R,1.0
49154.3,12.33,0.1,R,1.0
49156.3,12.33,0.1,R,1.0
49157.3,12.35,0.1,R,1.0
49157.9,12.4,0.1,R,1.0
49158.3,12.44,0.1,R,1.0
49158.94,12.39,0.1,R,1.0
49159.2,12.45,0.1,R,1.0
49159.92,12.41,0.1,R,1.0
49160.3,12.43,0.1,R,1.0
49161.2,12.47,0.1,R,1.0
49161.92,12.44,0.1,R,1.0
49162.2,12.5,0.1,R,1.0
49163.2,12.52,0.1,R,1.0
49164.2,12.58,0.1,R,1.0
49165.2,12.6,0.1,R,1.0
49166.2,12.6,0.1,R,1.0
49167.2,12.64,0.1,R,1.0
49168.2,12.64,0.1,R,1.0
49168.2,12.65,0.1,R,1.0
49169.2,12.66,0.1,R,1.0
49170.2,12.67,0.1,R,1.0
49170.2,12.68,0.1,R,1.0
49171.2,12.69,0.1,R,1.0
49172.2,12.65,0.1,R,1.0
49172.2,12.72,0.1,R,1.0
49173.2,12.72,0.1,R,1.0
49174.2,12.76,0.1,R,1.0
49174.2,12.79,0.1,R,1.0
49179.2,12.81,0.1,R,1.0
49180.2,12.84,0.1,R,1.0
49180.2,12.89,0.1,R,1.0
49181.2,12.96,0.1,R,1.0
49182.2,12.95,0.1,R,1.0
49183.2,12.98,0.1,R,1.0
49183.94,12.96,0.1,R,1.0
49184.2,13.01,0.1,R,1.0
49185.2,13.01,0.1,R,1.0
49186.2,13.06,0.1,R,1.0
49187.2,13.05,0.1,R,1.0
49188.2,13.15,0.1,R,1.0
49198.93,13.29,0.1,R,1.0
49245.88,14.15,0.1,R,1.0
49256.4,14.46,0.1,R,1.0
49259.4,14.42,0.1,R,1.0
49275.08,14.52,0.1,R,1.0
49275.08,14.52,0.1,R,1.0
49275.08,14.53,0.1,R,1.0
49275.08,14.53,0.1,R,1.0
49297.95,14.83,0.1,R,1.0
49308.5,15.24,0.1,R,1.0
49310.4,15.22,0.1,R,1.0
49314.4,15.25,0.1,R,1.0
49314.6,14.97,0.1,R,1.0
49317.3,15.3,0.1,R,1.0
49322.3,15.38,0.1,R,1.0
49323.2,15.22,0.1,R,1.0
49323.5,15.13,0.1,R,1.0
49324.3,15.43,0.1,R,1.0
49326.3,15.41,0.1,R,1.0
49326.5,15.15,0.1,R,1.0
49333.1,15.19,0.1,R,1.0
49333.1,15.19,0.1,R,1.0
49333.1,15.22,0.1,R,1.0
49333.1,15.22,0.1,R,1.0
49333.5,15.19,0.1,R,1.0
49337.5,15.27,0.1,R,1.0
49339.4,15.69,0.1,R,1.0
49340.5,15.33,0.1,R,1.0
49343.4,15.64,0.1,R,1.0
49345.5,15.75,0.1,R,1.0
49346.5,15.41,0.1,R,1.0
49349.04,15.51,0.1,R,1.0
49349.3,15.74,0.1,R,1.0
49350.2,15.75,0.1,R,1.0
49358.3,15.86,0.1,R,1.0
49358.31,15.69,0.1,R,1.0
49358.5,15.58,0.1,R,1.0
49359.5,15.89,0.1,R,1.0
49360.2,15.86,0.1,R,1.0
49362.2,15.88,0.1,R,1.0
49363.2,15.91,0.1,R,1.0
49364.2,15.62,0.1,R,1.0
49367.96,15.86,0.1,R,1.0
49367.96,15.86,0.1,R,1.0
49368.3,16.0,0.1,R,1.0
49368.4,15.65,0.1,R,1.0
49370.2,15.72,0.1,R,1.0
49380.4,16.13,0.1,R,1.0
49381.4,15.82,0.1,R,1.0
49382.3,16.19,0.1,R,1.0
49384.4,15.92,0.1,R,1.0
49385.04,16.09,0.1,R,1.0
49387.4,15.93,0.1,R,1.0
49392.4,16.01,0.1,R,1.0
49392.5,16.2,0.1,R,1.0
49393.89,16.19,0.1,R,1.0
49393.89,16.19,0.1,R,1.0
49394.3,16.32,0.1,R,1.0
49395.4,16.03,0.1,R,1.0
49395.4,16.32,0.1,R,1.0
49397.4,16.37,0.1,R,1.0
49398.3,16.0,0.1,R,1.0
49404.3,16.16,0.1,R,1.0
49405.3,16.47,0.1,R,1.0
49406.4,16.49,0.1,R,1.0
49406.94,16.41,0.1,R,1.0
49407.2,16.48,0.1,R,1.0
49407.3,16.15,0.1,R,1.0
49408.3,16.48,0.1,R,1.0
49413.2,16.54,0.1,R,1.0
49415.3,16.29,0.1,R,1.0
49418.2,16.57,0.1,R,1.0
49418.3,16.28,0.1,R,1.0
49420.2,16.51,0.1,R,1.0
49422.0,16.54,0.1,R,1.0
49422.4,16.68,0.1,R,1.0
49423.0,16.54,0.1,R,1.0
49423.0,16.55,0.1,R,1.0
49424.0,16.55,0.1,R,1.0
49424.3,16.25,0.1,R,1.0
49424.3,16.71,0.1,R,1.0
49428.03,16.64,0.1,R,1.0
49437.2,16.89,0.1,R,1.0
49438.3,16.43,0.1,R,1.0
49461.92,16.87,0.1,R,1.0
49498.91,17.28,0.1,R,1.0
49513.95,17.38,0.1,R,1.0
49716.3,17.85,0.1,R,1.0
49737.14,17.89,0.1,R,1.0
49831.95,17.67,0.1,R,1.0
49076.2,10.71,0.1,I,1.0
49076.89,10.51,0.1,I,1.0
49077.06,10.55,0.1,I,1.0
49077.1,10.6,0.1,I,1.0
49077.16,10.59,0.1,I,1.0
49077.2,10.57,0.1,I,1.0
49077.2,10.61,0.1,I,1.0
49077.98,10.66,0.1,I,1.0
49077.98,10.69,0.1,I,1.0
49078.5,10.74,0.1,I,1.0
49078.9,10.82,0.1,I,1.0
49078.9,10.84,0.1,I,1.0
49079.08,10.88,0.1,I,1.0
49079.2,11.1,0.1,I,1.0
49079.51,10.94,0.1,I,1.0
49079.99,11.03,0.1,I,1.0
49080.16,10.97,0.1,I,1.0
49080.16,11.03,0.1,I,1.0
49080.2,11.06,0.1,I,1.0
49080.2,11.08,0.1,I,1.0
49080.53,11.14,0.1,I,1.0
49080.9,11.17,0.1,I,1.0
49080.9,11.19,0.1,I,1.0
49081.09,11.21,0.1,I,1.0
49081.09,11.23,0.1,I,1.0
49081.95,11.26,0.1,I,1.0
49081.95,11.27,0.1,I,1.0
49082.08,11.27,0.1,I,1.0
49082.08,11.28,0.1,I,1.0
49082.17,11.27,0.1,I,1.0
49082.19,11.27,0.1,I,1.0
49082.24,11.27,0.1,I,1.0
49082.27,11.28,0.1,I,1.0
49082.31,11.29,0.1,I,1.0
49082.33,11.29,0.1,I,1.0
49082.34,11.29,0.1,I,1.0
49082.35,11.27,0.1,I,1.0
49082.54,11.26,0.1,I,1.0
49082.91,11.23,0.1,I,1.0
49082.97,11.23,0.1,I,1.0
49082.97,11.26,0.1,I,1.0
49083.0,11.26,0.1,I,1.0
49083.02,11.28,0.1,I,1.0
49083.1,11.22,0.1,I,1.0
49083.1,11.24,0.1,I,1.0
49083.1,11.25,0.1,I,1.0
49083.2,11.19,0.1,I,1.0
49083.2,11.24,0.1,I,1.0
49083.59,11.2,0.1,I,1.0
49083.99,11.17,0.1,I,1.0
49083.99,11.2,0.1,I,1.0
49084.07,11.17,0.1,I,1.0
49084.1,11.14,0.1,I,1.0
49084.1,11.18,0.1,I,1.0
49084.22,11.13,0.1,I,1.0
49084.22,11.16,0.1,I,1.0
49084.3,11.13,0.1,I,1.0
49084.67,11.14,0.1,I,1.0
49085.0,11.11,0.1,I,1.0
49085.02,11.07,0.1,I,1.0
49085.02,11.09,0.1,I,1.0
49085.08,11.07,0.1,I,1.0
49085.08,11.08,0.1,I,1.0
49085.08,11.11,0.1,I,1.0
49085.1,11.07,0.1,I,1.0
49085.1,11.1,0.1,I,1.0
49085.1,11.11,0.1,I,1.0
49085.19,11.08,0.1,I,1.0
49085.22,11.09,0.1,I,1.0
49085.24,11.05,0.1,I,1.0
49085.24,11.07,0.1,I,1.0
49085.32,11.04,0.1,I,1.0
49085.62,11.04,0.1,I,1.0
49085.98,10.95,0.1,I,1.0
49085.98,10.96,0.1,I,1.0
49086.1,10.96,0.1,I,1.0
49087.07,10.91,0.1,I,1.0
49087.16,10.94,0.1,I,1.0
49087.16,10.98,0.1,I,1.0
49087.18,10.89,0.1,I,1.0
49087.23,10.86,0.1,I,1.0
49087.23,10.89,0.1,I,1.0
49087.4,10.85,0.1,I,1.0
49087.53,10.85,0.1,I,1.0
49087.89,10.78,0.1,I,1.0
49087.93,10.74,0.1,I,1.0
49087.93,10.76,0.1,I,1.0
49088.01,10.78,0.1,I,1.0
49088.01,10.82,0.1,I,1.0
49088.06,10.78,0.1,I,1.0
49088.06,10.81,0.1,I,1.0
49088.21,10.75,0.1,I,1.0
49088.21,10.78,0.1,I,1.0
49088.27,10.79,0.1,I,1.0
49088.93,10.69,0.1,I,1.0
49089.2,10.67,0.1,I,1.0
49089.64,10.65,0.1,I,1.0
49089.87,10.64,0.1,I,1.0
49090.0,10.62,0.1,I,1.0
49090.2,10.59,0.1,I,1.0
49090.2,10.63,0.1,I,1.0
49090.3,10.59,0.1,I,1.0
49090.88,10.55,0.1,I,1.0
49091.04,10.54,0.1,I,1.0
49091.12,10.52,0.1,I,1.0
49091.17,10.55,0.1,I,1.0
49091.2,10.52,0.1,I,1.0
49091.2,10.56,0.1,I,1.0
49091.3,10.53,0.1,I,1.0
49091.55,10.53,0.1,I,1.0
49091.88,10.5,0.1,I,1.0
49091.98,10.47,0.1,I,1.0
49092.15,10.48,0.1,I,1.0
49092.46,10.47,0.1,I,1.0
49092.88,10.44,0.1,I,1.0
49093.05,10.44,0.1,I,1.0
49093.19,10.43,0.1,I,1.0
49093.2,10.41,0.1,I,1.0
49093.2,10.42,0.1,I,1.0
49093.3,10.42,0.1,I,1.0
49093.48,10.44,0.1,I,1.0
49093.89,10.42,0.1,I,1.0
49094.0,10.39,0.1,I,1.0
49094.19,10.39,0.1,I,1.0
49094.2,10.38,0.1,I,1.0
49094.2,10.41,0.1,I,1.0
49094.2,10.44,0.1,I,1.0
49094.47,10.41,0.1,I,1.0
49094.93,10.38,0.1,I,1.0
49095.07,10.4,0.1,I,1.0
49095.15,10.37,0.1,I,1.0
49095.2,10.38,0.1,I,1.0
49095.24,10.37,0.1,I,1.0
49095.3,10.38,0.1,I,1.0
49095.48,10.41,0.1,I,1.0
49096.04,10.38,0.1,I,1.0
49096.1,10.37,0.1,I,1.0
49096.15,10.37,0.1,I,1.0
49096.2,10.36,0.1,I,1.0
49096.2,10.41,0.1,I,1.0
49096.45,10.39,0.1,I,1.0
49097.1,10.38,0.1,I,1.0
49097.15,10.38,0.1,I,1.0
49097.2,10.4,0.1,I,1.0
49097.3,10.39,0.1,I,1.0
49097.44,10.4,0.1,I,1.0
49098.08,10.44,0.1,I,1.0
49098.1,10.36,0.1,I,1.0
49098.13,10.43,0.1,I,1.0
49098.28,10.41,0.1,I,1.0
49098.96,10.4,0.1,I,1.0
49098.96,10.41,0.1,I,1.0
49099.15,10.41,0.1,I,1.0
49099.2,10.37,0.1,I,1.0
49099.2,10.46,0.1,I,1.0
49100.2,10.44,0.1,I,1.0
49100.2,10.47,0.1,I,1.0
49100.25,10.46,0.1,I,1.0
49100.3,10.47,0.1,I,1.0
49100.91,10.49,0.1,I,1.0
49100.96,10.48,0.1,I,1.0
49100.96,10.48,0.1,I,1.0
49100.96,10.49,0.1,I,1.0
49100.96,10.49,0.1,I,1.0
49101.03,10.52,0.1,I,1.0
49101.09,10.52,0.1,I,1.0
49101.1,10.52,0.1,I,1.0
49101.12,10.53,0.1,I,1.0
49101.15,10.51,0.1,I,1.0
49101.2,10.56,0.1,I,1.0
49101.89,10.6,0.1,I,1.0
49102.17,10.58,0.1,I,1.0
49102.2,10.55,0.1,I,1.0
49102.91,10.6,0.1,I,1.0
49102.91,10.61,0.1,I,1.0
49102.91,10.62,0.1,I,1.0
49103.1,10.64,0.1,I,1.0
49103.2,10.59,0.1,I,1.0
49103.25,10.65,0.1,I,1.0
49104.2,10.68,0.1,I,1.0
49104.3,10.68,0.1,I,1.0
49104.91,10.73,0.1,I,1.0
49105.07,10.73,0.1,I,1.0
49105.1,10.73,0.1,I,1.0
49105.15,10.73,0.1,I,1.0
49105.2,10.7,0.1,I,1.0
49105.2,10.76,0.1,I,1.0
49105.3,10.69,0.1,I,1.0
49105.87,10.78,0.1,I,1.0
49105.87,10.81,0.1,I,1.0
49106.2,10.75,0.1,I,1.0
49106.2,10.79,0.1,I,1.0
49106.3,10.8,0.1,I,1.0
49106.9,10.79,0.1,I,1.0
49106.9,10.8,0.1,I,1.0
49107.3,10.74,0.1,I,1.0
49107.49,10.86,0.1,I,1.0
49107.88,10.85,0.1,I,1.0
49107.88,10.86,0.1,I,1.0
49108.2,10.81,0.1,I,1.0
49108.2,10.86,0.1,I,1.0
49109.2,10.85,0.1,I,1.0
49109.2,10.92,0.1,I,1.0
49110.2,10.86,0.1,I,1.0
49110.2,10.97,0.1,I,1.0
49111.3,10.92,0.1,I,1.0
49112.2,10.95,0.1,I,1.0
49112.89,11.03,0.1,I,1.0
49112.89,11.05,0.1,I,1.0
49114.2,11.02,0.1,I,1.0
49115.2,11.13,0.1,I,1.0
49116.2,11.15,0.1,I,1.0
49116.3,11.08,0.1,I,1.0
49117.3,11.09,0.1,I,1.0
49118.2,11.1,0.1,I,1.0
49121.3,11.21,0.1,I,1.0
49121.3,11.27,0.1,I,1.0
49121.9,11.28,0.1,I,1.0
49122.3,11.22,0.1,I,1.0
49122.3,11.3,0.1,I,1.0
49122.9,11.3,0.1,I,1.0
49122.9,11.31,0.1,I,1.0
49123.2,11.32,0.1,I,1.0
49123.3,11.25,0.1,I,1.0
49123.88,11.31,0.1,I,1.0
49124.3,11.26,0.1,I,1.0
49126.2,11.4,0.1,I,1.0
49126.3,11.32,0.1,I,1.0
49128.3,11.35,0.1,I,1.0
49128.3,11.42,0.1,I,1.0
49129.3,11.36,0.1,I,1.0
49129.3,11.45,0.1,I,1.0
49129.88,11.46,0.1,I,1.0
49129.88,11.47,0.1,I,1.0
49130.3,11.4,0.1,I,1.0
49130.3,11.46,0.1,I,1.0
49131.91,11.48,0.1,I,1.0
49131.91,11.49,0.1,I,1.0
49132.88,11.52,0.1,I,1.0
49135.2,11.51,0.1,I,1.0
49136.3,11.53,0.1,I,1.0
49141.3,11.58,0.1,I,1.0
49141.3,11.69,0.1,I,1.0
49146.2,11.72,0.1,I,1.0
49147.2,11.76,0.1,I,1.0
49147.3,11.8,0.1,I,1.0
49149.3,11.76,0.1,I,1.0
49150.2,11.79,0.1,I,1.0
49151.2,11.81,0.1,I,1.0
49152.3,11.82,0.1,I,1.0
49154.3,11.88,0.1,I,1.0
49156.3,11.91,0.1,I,1.0
49157.3,11.94,0.1,I,1.0
49157.9,12.02,0.1,I,1.0
49158.3,11.94,0.1,I,1.0
49158.94,12.04,0.1,I,1.0
49159.2,11.94,0.1,I,1.0
49159.92,12.06,0.1,I,1.0
49160.3,12.0,0.1,I,1.0
49161.2,12.0,0.1,I,1.0
49162.2,12.04,0.1,I,1.0
49163.2,12.06,0.1,I,1.0
49164.2,12.08,0.1,I,1.0
49165.2,12.08,0.1,I,1.0
49165.2,12.16,0.1,I,1.0
49166.2,12.14,0.1,I,1.0
49167.2,12.12,0.1,I,1.0
49167.2,12.19,0.1,I,1.0
49168.2,12.17,0.1,I,1.0
49169.2,12.19,0.1,I,1.0
49169.2,12.22,0.1,I,1.0
49170.2,12.2,0.1,I,1.0
49171.2,12.2,0.1,I,1.0
49171.2,12.32,0.1,I,1.0
49172.2,12.23,0.1,I,1.0
49173.2,12.23,0.1,I,1.0
49173.2,12.35,0.1,I,1.0
49174.2,12.29,0.1,I,1.0
49177.2,12.33,0.1,I,1.0
49179.2,12.39,0.1,I,1.0
49179.2,12.47,0.1,I,1.0
49180.2,12.4,0.1,I,1.0
49180.2,12.49,0.1,I,1.0
49181.2,12.42,0.1,I,1.0
49182.2,12.42,0.1,I,1.0
49182.2,12.52,0.1,I,1.0
49183.2,12.48,0.1,I,1.0
49183.94,12.56,0.1,I,1.0
49184.2,12.49,0.1,I,1.0
49184.2,12.57,0.1,I,1.0
49185.2,12.52,0.1,I,1.0
49186.2,12.55,0.1,I,1.0
49187.2,12.69,0.1,I,1.0
49188.2,12.59,0.1,I,1.0
49198.93,12.9,0.1,I,1.0
49245.88,13.91,0.1,I,1.0
49259.4,14.23,0.1,I,1.0
49297.95,14.81,0.1,I,1.0
49308.5,15.12,0.1,I,1.0
49310.4,15.13,0.1,I,1.0
49312.3,15.15,0.1,I,1.0
49314.6,15.02,0.1,I,1.0
49317.3,15.28,0.1,I,1.0
49322.3,15.3,0.1,I,1.0
49323.2,15.28,0.1,I,1.0
49323.5,15.2,0.1,I,1.0
49324.3,15.33,0.1,I,1.0
49326.3,15.38,0.1,I,1.0
49326.5,15.22,0.1,I,1.0
49328.4,15.43,0.1,I,1.0
49333.5,15.35,0.1,I,1.0
49337.5,15.4,0.1,I,1.0
49340.5,15.41,0.1,I,1.0
49344.4,15.76,0.1,I,1.0
49346.5,15.53,0.1,I,1.0
49350.2,15.81,0.1,I,1.0
49358.3,15.91,0.1,I,1.0
49358.5,15.71,0.1,I,1.0
49359.5,15.94,0.1,I,1.0
49362.2,15.92,0.1,I,1.0
49363.2,15.91,0.1,I,1.0
49364.2,15.79,0.1,I,1.0
49368.3,16.02,0.1,I,1.0
49368.4,15.86,0.1,I,1.0
49370.2,15.87,0.1,I,1.0
49380.4,16.2,0.1,I,1.0
49381.4,16.06,0.1,I,1.0
49382.3,16.24,0.1,I,1.0
49384.4,16.15,0.1,I,1.0
49385.04,16.29,0.1,I,1.0
49387.4,16.19,0.1,I,1.0
49392.4,16.21,0.1,I,1.0
49393.89,16.25,0.1,I,1.0
49393.89,16.25,0.1,I,1.0
49393.89,16.29,0.1,I,1.0
49393.89,16.29,0.1,I,1.0
49395.4,16.24,0.1,I,1.0
49397.4,16.43,0.1,I,1.0
49398.3,16.29,0.1,I,1.0
49404.2,16.51,0.1,I,1.0
49404.3,16.35,0.1,I,1.0
49406.94,16.54,0.1,I,1.0
49407.3,16.42,0.1,I,1.0
49408.3,16.49,0.1,I,1.0
49412.2,16.6,0.1,I,1.0
49415.3,16.59,0.1,I,1.0
49418.2,16.67,0.1,I,1.0
49418.3,16.65,0.1,I,1.0
49420.2,16.69,0.1,I,1.0
49422.0,16.73,0.1,I,1.0
49422.4,16.84,0.1,I,1.0
49423.0,16.73,0.1,I,1.0
49423.0,16.73,0.1,I,1.0
49424.0,16.73,0.1,I,1.0
49424.3,16.6,0.1,I,1.0
49424.3,16.79,0.1,I,1.0
49428.03,16.89,0.1,I,1.0
49434.4,16.88,0.1,I,1.0
49437.2,16.96,0.1,I,1.0
49438.3,17.07,0.1,I,1.0
49461.92,17.44,0.1,I,1.0
49498.91,17.7,0.1,I,1.0
49513.95,17.85,0.1,I,1.0
49728.07,18.62,0.1,I,1.0
49737.14,18.45,0.1,I,1.0
